save_id,time_s,Tv,abs_profile_error,relative_profile_error
1.000000000000000000e+00,1.459999999999996717e-02,2.005494505494501145e-01,8.824567914045882162e+02,2.273710240407696842e-02
2.000000000000000000e+00,2.919999999999987883e-02,4.010989010988994519e-01,4.378021733216941698e+02,1.850300720495392723e-02
3.000000000000000000e+00,4.380000000000022764e-02,6.016483516483548399e-01,2.119854002083501427e+02,1.469537511158134496e-02
4.000000000000000000e+00,5.840000000000064584e-02,8.021978021978111162e-01,9.957830727601150045e+01,1.132263204533457725e-02
5.000000000000000000e+00,7.300000000000106404e-02,1.002747252747267392e+00,4.576146347258537617e+01,8.534727762143598864e-03
6.000000000000000000e+00,8.760000000000148224e-02,1.203296703296723669e+00,2.119637349757975286e+01,6.484204500473439957e-03
7.000000000000000000e+00,1.022000000000019004e-01,1.403846153846179945e+00,1.059331538720236843e+01,5.315346273322835158e-03
8.000000000000000000e+00,1.168000000000023186e-01,1.604395604395636443e+00,5.912332375651141447e+00,4.865898159187451860e-03
9.000000000000000000e+00,1.314000000000018487e-01,1.804945054945080507e+00,3.496626991533563267e+00,4.720173854495865809e-03
1.000000000000000000e+01,1.456000000000002848e-01,2.000000000000003997e+00,3.340690141381802203e+00,7.297289997241789353e-03
