time_s,velocity_m_s
0.070167064439140808,-0.037317073170731713
0.090214797136038194,-0.047195121951219499
0.10023866348448687,-0.05048780487804877
0.12028639618138423,-0.057621951219512191
0.14033412887828162,-0.062012195121951219
0.1503579952267303,-0.064756097560975612
0.16706443914081143,-0.067500000000000004
0.18042959427207639,-0.07518292682926829
0.20047732696897375,-0.079024390243902426
0.20715990453460617,-0.082317073170731697
0.22720763723150358,-0.083414634146341454
0.24391408114558472,-0.086707317073170725
0.23389021479713601,-0.087804878048780483
0.26396181384248207,-0.091097560975609754
0.27064439140811453,-0.093841463414634146
0.29069212410501194,-0.096585365853658525
0.3107398568019093,-0.10097560975609755
0.3241050119331742,-0.099878048780487796
0.47446300715990447,-0.11140243902439025
0.5312649164677804,-0.11304878048780487
0.54463007159904531,-0.11579268292682926
0.60811455847255369,-0.11853658536585365
0.66157517899761331,-0.12018292682926829
0.80525059665871113,-0.12128048780487805
0.8553699284009546,-0.1223780487804878
0.90214797136038172,-0.12292682926829268
0.94892601431980894,-0.12292682926829268
0.98568019093078751,-0.12292682926829268
1.0959427207637231,-0.12292682926829268
1.1226730310262529,-0.12182926829268292
1.1393794749403341,-0.12073170731707317
1.1560859188544153,-0.11853658536585365
1.16945107398568,-0.11524390243902438
1.1894988066825776,-0.11249999999999999
1.1894988066825776,-0.10865853658536585
1.1894988066825776,-0.10371951219512195
1.1961813842482099,-0.10097560975609755
1.2028639618138424,-0.098231707317073161
1.2095465393794749,-0.091097560975609754
1.2095465393794749,-0.073536585365853654
